year,ticker,fieldid,fieldname,value,valuescore
2025,A,1,ESGScore,A,0.8643620870
2025,A,2,ESGCombinedScore,A,0.8643620870
2025,A,3,ESGCControversiesScore,A+,1.0000000000
2025,A,8,ESGEmissionsScore,A,0.8864541833
2025,A,244,BoardCulturalDiversityPercent,9.090909090909092,0.2017045455
2025,A,246,BoardGenderDiversityPercent,27.27272727272727,0.4351211073
2025,AAPL,1,ESGScore,B+,0.7199854434
2025,AAPL,2,ESGCombinedScore,C,0.3692519810
2025,AAPL,3,ESGCControversiesScore,D-,0.0185185185
2025,AAPL,8,ESGEmissionsScore,A+,0.9862385321
2025,AAPL,246,BoardGenderDiversityPercent,50,0.9567474048
2025,ACN,1,ESGScore,A-,0.7742283477
2025,ACN,2,ESGCombinedScore,A-,0.7742283477
2025,ACN,3,ESGCControversiesScore,A+,1.0000000000
2025,ACN,8,ESGEmissionsScore,A+,0.9583901774
2025,ACN,91,BiodiversityImpactReduction,true,
2025,ACN,95,CO2EquivalentsEmissionDirectScope1,19327,
2025,ACN,96,CO2EquivalentsEmissionIndirectScope3,688393,
2025,ACN,97,CO2EquivalentsEmissionIndirectScope2,186775,
2025,ACN,244,BoardCulturalDiversityPercent,81.81818181818183,0.9852941176
2025,ACN,246,BoardGenderDiversityPercent,45.45454545454545,0.8396226415
2025,ADI,1,ESGScore,B+,0.6935289819
2025,ADI,2,ESGCombinedScore,B+,0.6935289819
2025,ADI,3,ESGCControversiesScore,A+,1.0000000000
2025,ADI,8,ESGEmissionsScore,A+,0.9559386973
2025,ADI,244,BoardCulturalDiversityPercent,10,0.3110795455
2025,ADI,246,BoardGenderDiversityPercent,40,0.8393886967
2025,ADI,1,ESGScore,B-,0.5530624082
2025,ADI,2,ESGCombinedScore,B-,0.5530624082
2025,ADI,3,ESGCControversiesScore,A+,1.0000000000
2025,ADI,8,ESGEmissionsScore,C+,0.4975669100
2025,ADI,246,BoardGenderDiversityPercent,80,0.9988066826
2025,ADP,1,ESGScore,A-,0.7509758876
2025,ADP,2,ESGCombinedScore,A-,0.7509758876
2025,ADP,3,ESGCControversiesScore,A+,1.0000000000
2025,ADP,8,ESGEmissionsScore,A+,0.9324693042
2025,ADP,244,BoardCulturalDiversityPercent,16.666666666666664,0.7855113636
2025,ADP,246,BoardGenderDiversityPercent,41.66666666666667,0.8624567474
2025,ADSK,1,ESGScore,A-,0.7834306295
2025,ADSK,2,ESGCombinedScore,B-,0.5279428597
2025,ADSK,3,ESGCControversiesScore,C-,0.2724550898
2025,ADSK,8,ESGEmissionsScore,A,0.9079126876
2025,ADSK,95,CO2EquivalentsEmissionDirectScope1,1080,
2025,ADSK,96,CO2EquivalentsEmissionIndirectScope3,154062,
2025,ADSK,97,CO2EquivalentsEmissionIndirectScope2,7150,
2025,ADSK,246,BoardGenderDiversityPercent,38.46153846153847,0.8173298731
2025,AIZ,1,ESGScore,A-,0.7711406564
2025,AIZ,2,ESGCombinedScore,A-,0.7711406564
2025,AIZ,3,ESGCControversiesScore,A+,1.0000000000
2025,AIZ,8,ESGEmissionsScore,A-,0.8309608541
2025,AIZ,246,BoardGenderDiversityPercent,36.36363636363637,0.7417820069
2025,ALL,1,ESGScore,B-,0.5349954808
2025,ALL,2,ESGCombinedScore,B-,0.5349954808
2025,ALL,3,ESGCControversiesScore,A+,1.0000000000
2025,ALL,8,ESGEmissionsScore,B-,0.5222602740
2025,ALL,95,CO2EquivalentsEmissionDirectScope1,5889,
2025,ALL,97,CO2EquivalentsEmissionIndirectScope2,10934,
2025,ALL,246,BoardGenderDiversityPercent,44.44444444444444,0.8293556086
2025,AMAT,1,ESGScore,A-,0.8240819128
2025,AMAT,2,ESGCombinedScore,B+,0.7453742897
2025,AMAT,3,ESGCControversiesScore,B+,0.6666666667
2025,AMAT,8,ESGEmissionsScore,B,0.6034482759
2025,AMAT,246,BoardGenderDiversityPercent,20,0.2314013841
2025,AMCR,1,ESGScore,B,0.6219577435
2025,AMCR,2,ESGCombinedScore,C+,0.4276455384
2025,AMCR,3,ESGCControversiesScore,D+,0.2333333333
2025,AMCR,8,ESGEmissionsScore,B-,0.5372340426
2025,AMCR,95,CO2EquivalentsEmissionDirectScope1,430000,
2025,AMCR,96,CO2EquivalentsEmissionIndirectScope3,8720000,
2025,AMCR,97,CO2EquivalentsEmissionIndirectScope2,1169000,
2025,AMCR,244,BoardCulturalDiversityPercent,9.090909090909092,0.0200000000
2025,AMCR,246,BoardGenderDiversityPercent,27.27272727272727,0.3088235294
2025,AME,1,ESGScore,B,0.6369263417
2025,AME,2,ESGCombinedScore,B,0.6369263417
2025,AME,3,ESGCControversiesScore,A+,1.0000000000
2025,AME,8,ESGEmissionsScore,B,0.6201923077
2025,AME,91,BiodiversityImpactReduction,true,0.7554858934
2025,AME,95,CO2EquivalentsEmissionDirectScope1,1545.41,
2025,AME,96,CO2EquivalentsEmissionIndirectScope3,1145.1,
2025,AME,97,CO2EquivalentsEmissionIndirectScope2,1051,
2025,AME,246,BoardGenderDiversityPercent,22.22222222222222,0.3861464968
2025,AMP,1,ESGScore,A,0.8657020408
2025,AMP,2,ESGCombinedScore,A,0.8657020408
2025,AMP,3,ESGCControversiesScore,A+,1.0000000000
2025,AMP,8,ESGEmissionsScore,A,0.8695014663
2025,AMP,246,BoardGenderDiversityPercent,50,0.8926014320
2025,AON,1,ESGScore,B-,0.5764827212
2025,AON,2,ESGCombinedScore,C+,0.4757413606
2025,AON,3,ESGCControversiesScore,C,0.3750000000
2025,AON,8,ESGEmissionsScore,A-,0.7882562278
2025,AON,244,BoardCulturalDiversityPercent,15.384615384615385,0.1617647059
2025,AON,246,BoardGenderDiversityPercent,30.76923076923077,0.2358490566
2025,APA,1,ESGScore,B+,0.6755652327
2025,APA,2,ESGCombinedScore,B+,0.6755652327
2025,APA,3,ESGCControversiesScore,A+,1.0000000000
2025,APA,8,ESGEmissionsScore,C,0.3596491228
2025,APA,91,BiodiversityImpactReduction,true,0.6864406780
2025,APA,95,CO2EquivalentsEmissionDirectScope1,1862659,
2025,APA,96,CO2EquivalentsEmissionIndirectScope3,636284,
2025,APA,97,CO2EquivalentsEmissionIndirectScope2,150471,
2025,APA,246,BoardGenderDiversityPercent,37.5,0.6241050119
2025,APD,1,ESGScore,B+,0.7314715778
2025,APD,2,ESGCombinedScore,B+,0.7314715778
2025,APD,3,ESGCControversiesScore,B+,0.7386363636
2025,APD,8,ESGEmissionsScore,A,0.8887640449
2025,APD,244,BoardCulturalDiversityPercent,7.6923076923076925,0.0383522727
2025,APD,246,BoardGenderDiversityPercent,23.076923076923077,0.3184832757
2025,ATO,1,ESGScore,C-,0.2732279410
2025,ATO,2,ESGCombinedScore,C-,0.2732279410
2025,ATO,3,ESGCControversiesScore,C+,0.5000000000
2025,ATO,8,ESGEmissionsScore,C-,0.2894736842
2025,ATO,246,BoardGenderDiversityPercent,27.27272727272727,0.4351211073
2025,AZO,1,ESGScore,B,0.5934790099
2025,AZO,2,ESGCombinedScore,B,0.5934790099
2025,AZO,3,ESGCControversiesScore,A+,1.0000000000
2025,AZO,8,ESGEmissionsScore,B-,0.5536398467
2025,AZO,246,BoardGenderDiversityPercent,36.36363636363637,0.7417820069
2025,BDX,1,ESGScore,A,0.8619799963
2025,BDX,2,ESGCombinedScore,C+,0.4701466246
2025,BDX,3,ESGCControversiesScore,D-,0.0783132530
2025,BDX,8,ESGEmissionsScore,A-,0.8227091633
2025,BDX,244,BoardCulturalDiversityPercent,8.333333333333332,0.0994318182
2025,BDX,246,BoardGenderDiversityPercent,33.33333333333333,0.6583044983
2025,BEN,1,ESGScore,B-,0.5117516212
2025,BEN,2,ESGCombinedScore,B-,0.5117516212
2025,BEN,3,ESGCControversiesScore,A+,1.0000000000
2025,BEN,8,ESGEmissionsScore,B,0.5922818792
2025,BEN,91,BiodiversityImpactReduction,false,
2025,BEN,95,CO2EquivalentsEmissionDirectScope1,960,
2025,BEN,96,CO2EquivalentsEmissionIndirectScope3,33265,
2025,BEN,97,CO2EquivalentsEmissionIndirectScope2,6389,
2025,BEN,246,BoardGenderDiversityPercent,44.44444444444444,0.8293556086
2025,BEN,1,ESGScore,C+,0.4670720768
2025,BEN,2,ESGCombinedScore,C+,0.4670720768
2025,BEN,3,ESGCControversiesScore,A-,0.7950819672
2025,BEN,8,ESGEmissionsScore,A+,0.9574780059
2025,BEN,246,BoardGenderDiversityPercent,27.27272727272727,0.4351211073
2025,BK,1,ESGScore,A,0.8499823404
2025,BK,2,ESGCombinedScore,A-,0.8225321538
2025,BK,3,ESGCControversiesScore,A-,0.7950819672
2025,BK,8,ESGEmissionsScore,A,0.8841642229
2025,BK,244,BoardCulturalDiversityPercent,9.090909090909092,0.2017045455
2025,BK,246,BoardGenderDiversityPercent,45.45454545454545,0.9322376009
2025,BMY,1,ESGScore,B,0.6235615807
2025,BMY,2,ESGCombinedScore,B,0.6235615807
2025,BMY,3,ESGCControversiesScore,A+,1.0000000000
2025,BMY,8,ESGEmissionsScore,A,0.8510101010
2025,BMY,91,BiodiversityImpactReduction,false,
2025,BMY,95,CO2EquivalentsEmissionDirectScope1,136,
2025,BMY,96,CO2EquivalentsEmissionIndirectScope3,85630,
2025,BMY,97,CO2EquivalentsEmissionIndirectScope2,277,
2025,BMY,244,BoardCulturalDiversityPercent,20,0.4678217822
2025,BMY,246,BoardGenderDiversityPercent,60,0.9588045234
2025,BR,1,ESGScore,B+,0.7030098379
2025,BR,2,ESGCombinedScore,B+,0.7030098379
2025,BR,3,ESGCControversiesScore,A+,1.0000000000
2025,BR,8,ESGEmissionsScore,A-,0.8095930233
2025,BR,91,BiodiversityImpactReduction,false,0.0000000000
2025,BR,95,CO2EquivalentsEmissionDirectScope1,10546,
2025,BR,97,CO2EquivalentsEmissionIndirectScope2,38720,
2025,BR,246,BoardGenderDiversityPercent,40,0.8393886967
2025,CAG,1,ESGScore,B+,0.6794202124
2025,CAG,2,ESGCombinedScore,C,0.4111386776
2025,CAG,3,ESGCControversiesScore,D,0.1428571429
2025,CAG,8,ESGEmissionsScore,C+,0.4665871122
2025,CAG,246,BoardGenderDiversityPercent,36.36363636363637,0.7417820069
2025,CAH,1,ESGScore,A-,0.7553912365
2025,CAH,2,ESGCombinedScore,B,0.6090785970
2025,CAH,3,ESGCControversiesScore,C+,0.4627659574
2025,CAH,8,ESGEmissionsScore,A,0.8608815427
2025,CAH,246,BoardGenderDiversityPercent,41.66666666666667,0.8624567474
2025,CARR,1,ESGScore,C-,0.2628005660
2025,CARR,2,ESGCombinedScore,C-,0.2628005660
2025,CARR,3,ESGCControversiesScore,A+,1.0000000000
2025,CARR,8,ESGEmissionsScore,C,0.3377088305
2025,CARR,95,CO2EquivalentsEmissionDirectScope1,3797,
2025,CARR,96,CO2EquivalentsEmissionIndirectScope3,28,
2025,CARR,97,CO2EquivalentsEmissionIndirectScope2,1150,
2025,CARR,246,BoardGenderDiversityPercent,33.33333333333333,0.3651050081
2025,CAT,1,ESGScore,D+,0.2255994665
2025,CAT,2,ESGCombinedScore,D+,0.2255994665
2025,CAT,3,ESGCControversiesScore,A+,1.0000000000
2025,CAT,8,ESGEmissionsScore,D-,0.0000000000
2025,CAT,246,BoardGenderDiversityPercent,14.285714285714285,0.1252983294
2025,CCL,1,ESGScore,C,0.3589249621
2025,CCL,2,ESGCombinedScore,C,0.3589249621
2025,CCL,3,ESGCControversiesScore,A+,1.0000000000
2025,CCL,8,ESGEmissionsScore,D+,0.1801909308
2025,CCL,91,BiodiversityImpactReduction,false,0.0000000000
2025,CCL,95,CO2EquivalentsEmissionDirectScope1,37339.07,
2025,CCL,97,CO2EquivalentsEmissionIndirectScope2,34533.83,
2025,CCL,246,BoardGenderDiversityPercent,20,0.5831024931
2025,CCL,1,ESGScore,A-,0.8328689315
2025,CCL,2,ESGCombinedScore,B,0.5935177991
2025,CCL,3,ESGCControversiesScore,C,0.3541666667
2025,CCL,8,ESGEmissionsScore,A+,0.9520547945
2025,CCL,244,BoardCulturalDiversityPercent,25,0.5668316832
2025,CCL,246,BoardGenderDiversityPercent,36.36363636363637,0.4313408724
2025,CCL,1,ESGScore,A,0.8388812086
2025,CCL,2,ESGCombinedScore,B,0.5965239376
2025,CCL,3,ESGCControversiesScore,C,0.3541666667
2025,CCL,8,ESGEmissionsScore,A+,0.9520547945
2025,CCL,244,BoardCulturalDiversityPercent,25,0.1250000000
2025,CCL,246,BoardGenderDiversityPercent,36.36363636363637,0.7000000000
2025,CF,1,ESGScore,C-,0.2906804389
2025,CF,2,ESGCombinedScore,C-,0.2906804389
2025,CF,3,ESGCControversiesScore,A+,1.0000000000
2025,CF,8,ESGEmissionsScore,D-,0.0000000000
2025,CF,91,BiodiversityImpactReduction,false,
2025,CF,246,BoardGenderDiversityPercent,40,0.7756410256
2025,CI,1,ESGScore,B+,0.6701831617
2025,CI,2,ESGCombinedScore,C+,0.4769834727
2025,CI,3,ESGCControversiesScore,C-,0.2837837838
2025,CI,8,ESGEmissionsScore,A+,0.9228187919
2025,CI,246,BoardGenderDiversityPercent,33.33333333333333,0.6583044983
2025,CMCSA,1,ESGScore,B-,0.5708037660
2025,CMCSA,2,ESGCombinedScore,B-,0.5108920791
2025,CMCSA,3,ESGCControversiesScore,C+,0.4509803922
2025,CMCSA,8,ESGEmissionsScore,C,0.3656716418
2025,CMCSA,246,BoardGenderDiversityPercent,30,0.5506055363
2025,CMG,1,ESGScore,C,0.3365259378
2025,CMG,2,ESGCombinedScore,C,0.3365259378
2025,CMG,3,ESGCControversiesScore,A+,1.0000000000
2025,CMG,8,ESGEmissionsScore,D+,0.2271487040
2025,CMG,91,BiodiversityImpactReduction,false,
2025,CMG,246,BoardGenderDiversityPercent,30,0.4252136752
2025,CMS,1,ESGScore,B,0.5878234769
2025,CMS,2,ESGCombinedScore,B,0.5878234769
2025,CMS,3,ESGCControversiesScore,B+,0.7083333333
2025,CMS,8,ESGEmissionsScore,B,0.6413043478
2025,CMS,246,BoardGenderDiversityPercent,33.33333333333333,0.6583044983
2025,COF,1,ESGScore,D+,0.2308265921
2025,COF,2,ESGCombinedScore,D+,0.2308265921
2025,COF,3,ESGCControversiesScore,A+,1.0000000000
2025,COF,8,ESGEmissionsScore,C,0.3637469586
2025,COF,95,CO2EquivalentsEmissionDirectScope1,970,
2025,COF,97,CO2EquivalentsEmissionIndirectScope2,6637,
2025,COF,246,BoardGenderDiversityPercent,25,0.3078758950
2025,COST,1,ESGScore,A-,0.7533092654
2025,COST,2,ESGCombinedScore,A-,0.7533092654
2025,COST,3,ESGCControversiesScore,A,0.8676470588
2025,COST,8,ESGEmissionsScore,A,0.8870967742
2025,COST,246,BoardGenderDiversityPercent,44.44444444444444,0.9142156863
2025,CPB,1,ESGScore,B,0.6021909434
2025,CPB,2,ESGCombinedScore,C+,0.4212253418
2025,CPB,3,ESGCControversiesScore,D+,0.2402597403
2025,CPB,8,ESGEmissionsScore,B,0.6599045346
2025,CPB,246,BoardGenderDiversityPercent,33.33333333333333,0.6583044983
2025,CPRT,1,ESGScore,B,0.6509863091
2025,CPRT,2,ESGCombinedScore,B,0.6323793821
2025,CPRT,3,ESGCControversiesScore,B,0.6137724551
2025,CPRT,8,ESGEmissionsScore,D+,0.1684856753
2025,CPRT,246,BoardGenderDiversityPercent,16.666666666666664,0.1707035755
2025,CRM,1,ESGScore,B+,0.6990497117
2025,CRM,2,ESGCombinedScore,B+,0.6990497117
2025,CRM,3,ESGCControversiesScore,A,0.8413173653
2025,CRM,8,ESGEmissionsScore,A,0.8738062756
2025,CRM,91,BiodiversityImpactReduction,true,
2025,CRM,95,CO2EquivalentsEmissionDirectScope1,6000,
2025,CRM,96,CO2EquivalentsEmissionIndirectScope3,972000,
2025,CRM,97,CO2EquivalentsEmissionIndirectScope2,293000,
2025,CRM,246,BoardGenderDiversityPercent,25,0.3686562860
2025,CRWD,1,ESGScore,C-,0.2501193209
2025,CRWD,2,ESGCombinedScore,D+,0.2358381036
2025,CRWD,3,ESGCControversiesScore,D+,0.2215568862
2025,CRWD,8,ESGEmissionsScore,C,0.4017735334
2025,CRWD,91,BiodiversityImpactReduction,false,
2025,CRWD,246,BoardGenderDiversityPercent,33.33333333333333,0.6583044983
2025,CSCO,1,ESGScore,B+,0.6888186054
2025,CSCO,2,ESGCombinedScore,C+,0.4239547573
2025,CSCO,3,ESGCControversiesScore,D,0.1590909091
2025,CSCO,8,ESGEmissionsScore,A+,0.9941860465
2025,CSCO,246,BoardGenderDiversityPercent,30,0.5506055363
2025,CTAS,1,ESGScore,B,0.6483470993
2025,CTAS,2,ESGCombinedScore,B,0.6483470993
2025,CTAS,3,ESGCControversiesScore,A+,1.0000000000
2025,CTAS,8,ESGEmissionsScore,A,0.8706395349
2025,CTAS,91,BiodiversityImpactReduction,true,0.9062500000
2025,CTAS,246,BoardGenderDiversityPercent,33.33333333333333,0.6583044983
2025,CVNA,1,ESGScore,D,0.1567829342
2025,CVNA,2,ESGCombinedScore,D,0.1567829342
2025,CVNA,3,ESGCControversiesScore,A+,1.0000000000
2025,CVNA,8,ESGEmissionsScore,D-,0.0000000000
2025,CVNA,246,BoardGenderDiversityPercent,16.666666666666664,0.1707035755
2025,DE,1,ESGScore,B+,0.7298121183
2025,DE,2,ESGCombinedScore,C+,0.4482393925
2025,DE,3,ESGCControversiesScore,D+,0.1666666667
2025,DE,8,ESGEmissionsScore,B,0.6513975155
2025,DE,246,BoardGenderDiversityPercent,30,0.5506055363
2025,DELL,1,ESGScore,B+,0.7244342323
2025,DELL,2,ESGCombinedScore,B-,0.5288837828
2025,DELL,3,ESGCControversiesScore,C,0.3333333333
2025,DELL,8,ESGEmissionsScore,B-,0.5183486239
2025,DELL,244,BoardCulturalDiversityPercent,12.5,0.6107954545
2025,DELL,246,BoardGenderDiversityPercent,25,0.3686562860
2025,DG,1,ESGScore,B+,0.6861473732
2025,DG,2,ESGCombinedScore,B+,0.6861473732
2025,DG,3,ESGCControversiesScore,A,0.8676470588
2025,DG,8,ESGEmissionsScore,C+,0.4677419355
2025,DG,246,BoardGenderDiversityPercent,33.33333333333333,0.6583044983
2025,DHI,1,ESGScore,C+,0.4383188623
2025,DHI,2,ESGCombinedScore,C+,0.4383188623
2025,DHI,3,ESGCControversiesScore,C+,0.4791666667
2025,DHI,8,ESGEmissionsScore,B-,0.5490797546
2025,DHI,246,BoardGenderDiversityPercent,33.33333333333333,0.6583044983
2025,DIS,1,ESGScore,A-,0.8264688309
2025,DIS,2,ESGCombinedScore,C+,0.4186691981
2025,DIS,3,ESGCControversiesScore,D-,0.0108695652
2025,DIS,8,ESGEmissionsScore,B-,0.5732323232
2025,DIS,244,BoardCulturalDiversityPercent,10,0.3110795455
2025,DIS,246,BoardGenderDiversityPercent,40,0.8393886967
2025,DLTR,1,ESGScore,B+,0.6753961504
2025,DLTR,2,ESGCombinedScore,C,0.3891686634
2025,DLTR,3,ESGCControversiesScore,D,0.1029411765
2025,DLTR,8,ESGEmissionsScore,C+,0.4784946237
2025,DLTR,246,BoardGenderDiversityPercent,44.44444444444444,0.9142156863
2025,DOW,1,ESGScore,A-,0.7903746913
2025,DOW,2,ESGCombinedScore,B+,0.6995351718
2025,DOW,3,ESGCControversiesScore,B,0.6086956522
2025,DOW,8,ESGEmissionsScore,B+,0.6810897436
2025,DOW,91,BiodiversityImpactReduction,true,0.7554858934
2025,DOW,95,CO2EquivalentsEmissionDirectScope1,278407,
2025,DOW,97,CO2EquivalentsEmissionIndirectScope2,30800,
2025,DOW,246,BoardGenderDiversityPercent,42.857142857142854,0.7792362768
2025,DRI,1,ESGScore,B-,0.5776312446
2025,DRI,2,ESGCombinedScore,B-,0.5457600668
2025,DRI,3,ESGCControversiesScore,B-,0.5138888889
2025,DRI,8,ESGEmissionsScore,C+,0.4640410959
2025,DRI,91,BiodiversityImpactReduction,false,0.0000000000
2025,DRI,95,CO2EquivalentsEmissionDirectScope1,385847,
2025,DRI,96,CO2EquivalentsEmissionIndirectScope3,4049040,
2025,DRI,97,CO2EquivalentsEmissionIndirectScope2,447615,
2025,DRI,246,BoardGenderDiversityPercent,33.33333333333333,0.6583044983
2025,EA,1,ESGScore,B+,0.6891094990
2025,EA,2,ESGCombinedScore,B+,0.6891094990
2025,EA,3,ESGCControversiesScore,A,0.8413173653
2025,EA,8,ESGEmissionsScore,A,0.8574351978
2025,EA,95,CO2EquivalentsEmissionDirectScope1,2977,
2025,EA,96,CO2EquivalentsEmissionIndirectScope3,179746,
2025,EA,97,CO2EquivalentsEmissionIndirectScope2,22554,
2025,EA,246,BoardGenderDiversityPercent,37.5,0.7847462514
2025,EL,1,ESGScore,B+,0.6732222199
2025,EL,2,ESGCombinedScore,B,0.6236481470
2025,EL,3,ESGCControversiesScore,B-,0.5740740741
2025,EL,8,ESGEmissionsScore,A+,0.9736842105
2025,EL,91,BiodiversityImpactReduction,true,0.8200000000
2025,EL,95,CO2EquivalentsEmissionDirectScope1,36900,
2025,EL,96,CO2EquivalentsEmissionIndirectScope3,1523600,
2025,EL,97,CO2EquivalentsEmissionIndirectScope2,62300,
2025,EL,246,BoardGenderDiversityPercent,46.15384615384615,0.9387254902
2025,EMR,1,ESGScore,C,0.3826054344
2025,EMR,2,ESGCombinedScore,C,0.3826054344
2025,EMR,3,ESGCControversiesScore,A+,1.0000000000
2025,EMR,8,ESGEmissionsScore,D+,0.2495462795
2025,EMR,91,BiodiversityImpactReduction,true,0.6892361111
2025,EMR,95,CO2EquivalentsEmissionDirectScope1,54625,
2025,EMR,97,CO2EquivalentsEmissionIndirectScope2,36320,
2025,EMR,246,BoardGenderDiversityPercent,16.666666666666664,0.1575178998
2025,EMR,1,ESGScore,A-,0.7816963751
2025,EMR,2,ESGCombinedScore,B-,0.5081321382
2025,EMR,3,ESGCControversiesScore,D+,0.2345679012
2025,EMR,8,ESGEmissionsScore,B+,0.6917701863
2025,EMR,246,BoardGenderDiversityPercent,20,0.2314013841
2025,EQT,1,ESGScore,B-,0.5468979641
2025,EQT,2,ESGCombinedScore,B-,0.5468979641
2025,EQT,3,ESGCControversiesScore,A+,1.0000000000
2025,EQT,8,ESGEmissionsScore,D-,0.0000000000
2025,EQT,91,BiodiversityImpactReduction,false,
2025,EQT,246,BoardGenderDiversityPercent,42.857142857142854,0.7792362768
2025,EXE,1,ESGScore,C-,0.3219999109
2025,EXE,2,ESGCombinedScore,C-,0.3219999109
2025,EXE,3,ESGCControversiesScore,A+,1.0000000000
2025,EXE,8,ESGEmissionsScore,D-,0.0483146067
2025,EXE,246,BoardGenderDiversityPercent,37.5,0.1774193548
2025,FDX,1,ESGScore,B+,0.7227150594
2025,FDX,2,ESGCombinedScore,C,0.4134408630
2025,FDX,3,ESGCControversiesScore,D,0.1041666667
2025,FDX,8,ESGEmissionsScore,A-,0.8089005236
2025,FDX,244,BoardCulturalDiversityPercent,15.384615384615385,0.7528409091
2025,FDX,246,BoardGenderDiversityPercent,38.46153846153847,0.8173298731
2025,FICO,1,ESGScore,C+,0.4547206019
2025,FICO,2,ESGCombinedScore,C+,0.4547206019
2025,FICO,3,ESGCControversiesScore,A,0.8413173653
2025,FICO,8,ESGEmissionsScore,B-,0.5682128240
2025,FICO,246,BoardGenderDiversityPercent,37.5,0.7847462514
2025,FISV,1,ESGScore,B-,0.5745477085
2025,FISV,2,ESGCombinedScore,C-,0.3104220024
2025,FISV,3,ESGCControversiesScore,D-,0.0462962963
2025,FISV,8,ESGEmissionsScore,C+,0.4840116279
2025,FISV,244,BoardCulturalDiversityPercent,10,0.3110795455
2025,FISV,246,BoardGenderDiversityPercent,30,0.5506055363
2025,FOXA,1,ESGScore,B-,0.5648153787
2025,FOXA,2,ESGCombinedScore,C,0.3639294285
2025,FOXA,3,ESGCControversiesScore,D,0.1630434783
2025,FOXA,8,ESGEmissionsScore,B,0.6186868687
2025,FOXA,91,BiodiversityImpactReduction,false,
2025,FOXA,246,BoardGenderDiversityPercent,14.285714285714285,0.1247116494
2025,GIS,1,ESGScore,A-,0.7692494342
2025,GIS,2,ESGCombinedScore,B-,0.5047545872
2025,GIS,3,ESGCControversiesScore,D+,0.2402597403
2025,GIS,8,ESGEmissionsScore,B,0.6264916468
2025,GIS,246,BoardGenderDiversityPercent,50,0.9567474048
2025,HAL,1,ESGScore,C-,0.2959340764
2025,HAL,2,ESGCombinedScore,C-,0.2959340764
2025,HAL,3,ESGCControversiesScore,A+,1.0000000000
2025,HAL,8,ESGEmissionsScore,B-,0.5504201681
2025,HAL,91,BiodiversityImpactReduction,false,0.0000000000
2025,HAL,95,CO2EquivalentsEmissionDirectScope1,75808,
2025,HAL,97,CO2EquivalentsEmissionIndirectScope2,106510,
2025,HAL,246,BoardGenderDiversityPercent,16.666666666666664,0.4522160665
2025,HAS,1,ESGScore,B-,0.5419156595
2025,HAS,2,ESGCombinedScore,B-,0.5419156595
2025,HAS,3,ESGCControversiesScore,A+,1.0000000000
2025,HAS,8,ESGEmissionsScore,C+,0.4727767695
2025,HAS,246,BoardGenderDiversityPercent,0,0.0548926014
2025,HAS,1,ESGScore,B-,0.5790517444
2025,HAS,2,ESGCombinedScore,B-,0.5790517444
2025,HAS,3,ESGCControversiesScore,A+,1.0000000000
2025,HAS,8,ESGEmissionsScore,B,0.6293604651
2025,HAS,91,BiodiversityImpactReduction,false,0.0000000000
2025,HAS,95,CO2EquivalentsEmissionDirectScope1,4536,
2025,HAS,96,CO2EquivalentsEmissionIndirectScope3,28817,
2025,HAS,97,CO2EquivalentsEmissionIndirectScope2,4533,
2025,HAS,244,BoardCulturalDiversityPercent,11.11111111111111,0.1386138614
2025,HAS,246,BoardGenderDiversityPercent,44.44444444444444,0.7189014540
2025,HBAN,1,ESGScore,B+,0.7131510499
2025,HBAN,2,ESGCombinedScore,B+,0.7131510499
2025,HBAN,3,ESGCControversiesScore,A+,1.0000000000
2025,HBAN,8,ESGEmissionsScore,A-,0.7936241611
2025,HBAN,246,BoardGenderDiversityPercent,31.25,0.5906862745
2025,HD,1,ESGScore,B+,0.7273721876
2025,HD,2,ESGCombinedScore,C,0.3683157235
2025,HD,3,ESGCControversiesScore,D-,0.0092592593
2025,HD,8,ESGEmissionsScore,A,0.8716475096
2025,HD,246,BoardGenderDiversityPercent,27.27272727272727,0.4351211073
2025,HPE,1,ESGScore,B+,0.7304978456
2025,HPE,2,ESGCombinedScore,B-,0.5319155894
2025,HPE,3,ESGCControversiesScore,C,0.3333333333
2025,HPE,8,ESGEmissionsScore,A+,0.9678899083
2025,HPE,246,BoardGenderDiversityPercent,50,0.9567474048
2025,HRL,1,ESGScore,B,0.6146004218
2025,HRL,2,ESGCombinedScore,C,0.3689885226
2025,HRL,3,ESGCControversiesScore,D,0.1233766234
2025,HRL,8,ESGEmissionsScore,C-,0.2589498807
2025,HRL,246,BoardGenderDiversityPercent,23.076923076923077,0.3184832757
2025,HUM,1,ESGScore,C-,0.3302500233
2025,HUM,2,ESGCombinedScore,C-,0.3302500233
2025,HUM,3,ESGCControversiesScore,A+,1.0000000000
2025,HUM,8,ESGEmissionsScore,D-,0.0000000000
2025,HUM,91,BiodiversityImpactReduction,false,
2025,HUM,246,BoardGenderDiversityPercent,25,0.3078758950
2025,IEX,1,ESGScore,C,0.4160735464
2025,IEX,2,ESGCombinedScore,C,0.4160735464
2025,IEX,3,ESGCControversiesScore,B-,0.5081967213
2025,IEX,8,ESGEmissionsScore,C+,0.5000000000
2025,IEX,91,BiodiversityImpactReduction,false,
2025,IEX,95,CO2EquivalentsEmissionDirectScope1,44.15,
2025,IEX,96,CO2EquivalentsEmissionIndirectScope3,174.74,
2025,IEX,97,CO2EquivalentsEmissionIndirectScope2,445,
2025,IEX,246,BoardGenderDiversityPercent,12.5,0.2493074792
2025,INTU,1,ESGScore,A,0.8442141287
2025,INTU,2,ESGCombinedScore,A,0.8442141287
2025,INTU,3,ESGCControversiesScore,A,0.8750000000
2025,INTU,8,ESGEmissionsScore,A,0.9126984127
2025,INTU,246,BoardGenderDiversityPercent,30.76923076923077,0.5840542099
2025,JBL,1,ESGScore,B+,0.6690016401
2025,JBL,2,ESGCombinedScore,B+,0.6690016401
2025,JBL,3,ESGCControversiesScore,A+,1.0000000000
2025,JBL,8,ESGEmissionsScore,B,0.6398809524
2025,JBL,246,BoardGenderDiversityPercent,30,0.5506055363
2025,JCI,1,ESGScore,B+,0.7268721822
2025,JCI,2,ESGCombinedScore,B-,0.5547941158
2025,JCI,3,ESGCControversiesScore,C,0.3827160494
2025,JCI,8,ESGEmissionsScore,B+,0.6777950311
2025,JCI,244,BoardCulturalDiversityPercent,25,0.4558823529
2025,JCI,246,BoardGenderDiversityPercent,25,0.1132075472
2025,JKHY,1,ESGScore,B-,0.5427797988
2025,JKHY,2,ESGCombinedScore,B-,0.5427797988
2025,JKHY,3,ESGCControversiesScore,A,0.8413173653
2025,JKHY,8,ESGEmissionsScore,B,0.6227830832
2025,JKHY,246,BoardGenderDiversityPercent,33.33333333333333,0.6583044983
2025,JPM,1,ESGScore,B+,0.7071489073
2025,JPM,2,ESGCombinedScore,C,0.3552411203
2025,JPM,3,ESGCControversiesScore,D-,0.0033333333
2025,JPM,8,ESGEmissionsScore,B-,0.5732662192
2025,JPM,246,BoardGenderDiversityPercent,54.54545454545454,0.9757785467
2025,KEYS,1,ESGScore,B+,0.7324403078
2025,KEYS,2,ESGCombinedScore,B+,0.7324403078
2025,KEYS,3,ESGCControversiesScore,A+,1.0000000000
2025,KEYS,8,ESGEmissionsScore,A-,0.8244047619
2025,KEYS,246,BoardGenderDiversityPercent,30,0.5506055363
2025,KLAC,1,ESGScore,B+,0.6900457673
2025,KLAC,2,ESGCombinedScore,B+,0.6900457673
2025,KLAC,3,ESGCControversiesScore,A+,1.0000000000
2025,KLAC,8,ESGEmissionsScore,A-,0.7567049808
2025,KLAC,246,BoardGenderDiversityPercent,30,0.5506055363
2025,KR,1,ESGScore,A-,0.7723966070
2025,KR,2,ESGCombinedScore,A-,0.7723966070
2025,KR,3,ESGCControversiesScore,A,0.8488372093
2025,KR,8,ESGEmissionsScore,C+,0.5000000000
2025,KR,95,CO2EquivalentsEmissionDirectScope1,2240536,
2025,KR,96,CO2EquivalentsEmissionIndirectScope3,110249834,
2025,KR,97,CO2EquivalentsEmissionIndirectScope2,2709318,
2025,KR,244,BoardCulturalDiversityPercent,18.181818181818183,0.8224431818
2025,KR,246,BoardGenderDiversityPercent,45.45454545454545,0.9322376009
2025,LLY,1,ESGScore,B+,0.6831327479
2025,LLY,2,ESGCombinedScore,C+,0.4718855229
2025,LLY,3,ESGCControversiesScore,C-,0.2606382979
2025,LLY,8,ESGEmissionsScore,B+,0.6983471074
2025,LLY,244,BoardCulturalDiversityPercent,7.6923076923076925,0.0383522727
2025,LLY,246,BoardGenderDiversityPercent,41.66666666666667,0.8624567474
2025,LMT,1,ESGScore,A-,0.7983196032
2025,LMT,2,ESGCombinedScore,A-,0.7705883730
2025,LMT,3,ESGCControversiesScore,B+,0.7428571429
2025,LMT,8,ESGEmissionsScore,A+,0.9453781513
2025,LMT,246,BoardGenderDiversityPercent,36.36363636363637,0.7417820069
2025,LOW,1,ESGScore,A-,0.8125816366
2025,LOW,2,ESGCombinedScore,C+,0.4201797072
2025,LOW,3,ESGCControversiesScore,D-,0.0277777778
2025,LOW,8,ESGEmissionsScore,A-,0.8065134100
2025,LOW,91,BiodiversityImpactReduction,true,0.8971119134
2025,LOW,95,CO2EquivalentsEmissionDirectScope1,388000,
2025,LOW,96,CO2EquivalentsEmissionIndirectScope3,113364000,
2025,LOW,97,CO2EquivalentsEmissionIndirectScope2,857000,
2025,LOW,244,BoardCulturalDiversityPercent,7.6923076923076925,0.0383522727
2025,LOW,246,BoardGenderDiversityPercent,30.76923076923077,0.5840542099
2025,LRCX,1,ESGScore,B+,0.7479344932
2025,LRCX,2,ESGCombinedScore,B+,0.7479344932
2025,LRCX,3,ESGCControversiesScore,A,0.8750000000
2025,LRCX,8,ESGEmissionsScore,A,0.8754789272
2025,LRCX,246,BoardGenderDiversityPercent,27.27272727272727,0.4351211073
2025,LULU,1,ESGScore,B-,0.5571691107
2025,LULU,2,ESGCombinedScore,C-,0.3074307092
2025,LULU,3,ESGCControversiesScore,D-,0.0576923077
2025,LULU,8,ESGEmissionsScore,C-,0.2852760736
2025,LULU,91,BiodiversityImpactReduction,false,0.0000000000
2025,LULU,95,CO2EquivalentsEmissionDirectScope1,4070,
2025,LULU,96,CO2EquivalentsEmissionIndirectScope3,2234896,
2025,LULU,97,CO2EquivalentsEmissionIndirectScope2,35764,
2025,LULU,244,BoardCulturalDiversityPercent,9.090909090909092,0.2017045455
2025,LULU,246,BoardGenderDiversityPercent,54.54545454545454,0.9757785467
2025,LW,1,ESGScore,B,0.5920025862
2025,LW,2,ESGCombinedScore,C,0.3447025918
2025,LW,3,ESGCControversiesScore,D,0.0974025974
2025,LW,8,ESGEmissionsScore,C,0.3949880668
2025,LW,246,BoardGenderDiversityPercent,25,0.3686562860
2025,MCHP,1,ESGScore,B-,0.5602543174
2025,MCHP,2,ESGCombinedScore,B-,0.5602543174
2025,MCHP,3,ESGCControversiesScore,A,0.8750000000
2025,MCHP,8,ESGEmissionsScore,B+,0.7183908046
2025,MCHP,95,CO2EquivalentsEmissionDirectScope1,288193,
2025,MCHP,96,CO2EquivalentsEmissionIndirectScope3,702953.51,
2025,MCHP,97,CO2EquivalentsEmissionIndirectScope2,314625,
2025,MCHP,244,BoardCulturalDiversityPercent,16.666666666666664,0.7855113636
2025,MCHP,246,BoardGenderDiversityPercent,33.33333333333333,0.6583044983
2025,MCK,1,ESGScore,B,0.5981284516
2025,MCK,2,ESGCombinedScore,C+,0.4958727364
2025,MCK,3,ESGCControversiesScore,C,0.3936170213
2025,MCK,8,ESGEmissionsScore,B-,0.5826446281
2025,MCK,91,BiodiversityImpactReduction,false,0.0000000000
2025,MCK,95,CO2EquivalentsEmissionDirectScope1,72223,
2025,MCK,96,CO2EquivalentsEmissionIndirectScope3,36077096,
2025,MCK,97,CO2EquivalentsEmissionIndirectScope2,130370,
2025,MCK,246,BoardGenderDiversityPercent,38.46153846153847,0.8173298731
2025,MDT,1,ESGScore,B,0.6112698672
2025,MDT,2,ESGCombinedScore,C,0.3550176497
2025,MDT,3,ESGCControversiesScore,D,0.0987654321
2025,MDT,8,ESGEmissionsScore,B,0.6498447205
2025,MDT,91,BiodiversityImpactReduction,false,0.0000000000
2025,MDT,95,CO2EquivalentsEmissionDirectScope1,174000,
2025,MDT,96,CO2EquivalentsEmissionIndirectScope3,5265000,
2025,MDT,97,CO2EquivalentsEmissionIndirectScope2,199000,
2025,MDT,244,BoardCulturalDiversityPercent,10,0.0441176471
2025,MDT,246,BoardGenderDiversityPercent,30,0.1981132075
2025,MKC,1,ESGScore,A-,0.7701951207
2025,MKC,2,ESGCombinedScore,A-,0.7701951207
2025,MKC,3,ESGCControversiesScore,A+,1.0000000000
2025,MKC,8,ESGEmissionsScore,A,0.8747016706
2025,MKC,246,BoardGenderDiversityPercent,36.36363636363637,0.7417820069
2025,MSFT,1,ESGScore,A,0.8823133381
2025,MSFT,2,ESGCombinedScore,A,0.8618153517
2025,MSFT,3,ESGCControversiesScore,A,0.8413173653
2025,MSFT,8,ESGEmissionsScore,A+,0.9556616644
2025,MSFT,244,BoardCulturalDiversityPercent,30.76923076923077,0.9502840909
2025,MSFT,246,BoardGenderDiversityPercent,38.46153846153847,0.8173298731
2025,MTCH,1,ESGScore,C+,0.4528648767
2025,MTCH,2,ESGCombinedScore,D+,0.2399054922
2025,MTCH,3,ESGCControversiesScore,D-,0.0269461078
2025,MTCH,8,ESGEmissionsScore,B-,0.5381991814
2025,MTCH,246,BoardGenderDiversityPercent,50,0.9567474048
2025,MU,1,ESGScore,B,0.6332726892
2025,MU,2,ESGCombinedScore,C,0.4069141224
2025,MU,3,ESGCControversiesScore,D+,0.1805555556
2025,MU,8,ESGEmissionsScore,B,0.6187739464
2025,MU,246,BoardGenderDiversityPercent,50,0.9567474048
2025,NDSN,1,ESGScore,B,0.6202778470
2025,NDSN,2,ESGCombinedScore,B,0.6202778470
2025,NDSN,3,ESGCControversiesScore,A+,1.0000000000
2025,NDSN,8,ESGEmissionsScore,B-,0.5582298137
2025,NDSN,246,BoardGenderDiversityPercent,30,0.5506055363
2025,NEE,1,ESGScore,B,0.6564902383
2025,NEE,2,ESGCombinedScore,C,0.3482451192
2025,NEE,3,ESGCControversiesScore,D-,0.0400000000
2025,NEE,8,ESGEmissionsScore,B-,0.5193661972
2025,NEE,246,BoardGenderDiversityPercent,38.46153846153847,0.8173298731
2025,NKE,1,ESGScore,B+,0.6695175018
2025,NKE,2,ESGCombinedScore,C,0.3443741355
2025,NKE,3,ESGCControversiesScore,D-,0.0192307692
2025,NKE,8,ESGEmissionsScore,B+,0.6717791411
2025,NKE,246,BoardGenderDiversityPercent,41.66666666666667,0.8624567474
2025,NTAP,1,ESGScore,B,0.6633190515
2025,NTAP,2,ESGCombinedScore,B,0.6633190515
2025,NTAP,3,ESGCControversiesScore,A+,1.0000000000
2025,NTAP,8,ESGEmissionsScore,A-,0.7844036697
2025,NTAP,91,BiodiversityImpactReduction,false,0.0000000000
2025,NTAP,244,BoardCulturalDiversityPercent,10,0.3110795455
2025,NTAP,246,BoardGenderDiversityPercent,30,0.5506055363
2025,NVDA,1,ESGScore,B+,0.7435377703
2025,NVDA,2,ESGCombinedScore,C+,0.4273244407
2025,NVDA,3,ESGCControversiesScore,D,0.1111111111
2025,NVDA,8,ESGEmissionsScore,A-,0.7988505747
2025,NVDA,91,BiodiversityImpactReduction,false,0.0000000000
2025,NVDA,95,CO2EquivalentsEmissionDirectScope1,12952,
2025,NVDA,96,CO2EquivalentsEmissionIndirectScope3,6912577,
2025,NVDA,97,CO2EquivalentsEmissionIndirectScope2,228378,
2025,NVDA,244,BoardCulturalDiversityPercent,7.6923076923076925,0.0383522727
2025,NVDA,246,BoardGenderDiversityPercent,38.46153846153847,0.8173298731
2025,NWSA,1,ESGScore,B+,0.6982479763
2025,NWSA,2,ESGCombinedScore,B-,0.5121674664
2025,NWSA,3,ESGCControversiesScore,C-,0.3260869565
2025,NWSA,8,ESGEmissionsScore,A-,0.8055555556
2025,NWSA,91,BiodiversityImpactReduction,false,
2025,NWSA,244,BoardCulturalDiversityPercent,16.666666666666664,0.7855113636
2025,NWSA,246,BoardGenderDiversityPercent,33.33333333333333,0.6583044983
2025,ORCL,1,ESGScore,C+,0.4661545197
2025,ORCL,2,ESGCombinedScore,C,0.3693048047
2025,ORCL,3,ESGCControversiesScore,C-,0.2724550898
2025,ORCL,8,ESGEmissionsScore,B+,0.7046384720
2025,ORCL,91,BiodiversityImpactReduction,false,
2025,ORCL,95,CO2EquivalentsEmissionDirectScope1,27532,
2025,ORCL,96,CO2EquivalentsEmissionIndirectScope3,8526170,
2025,ORCL,97,CO2EquivalentsEmissionIndirectScope2,1600371,
2025,ORCL,246,BoardGenderDiversityPercent,30.76923076923077,0.5840542099
2025,OXY,1,ESGScore,A-,0.7621336901
2025,OXY,2,ESGCombinedScore,C+,0.4991224006
2025,OXY,3,ESGCControversiesScore,D+,0.2361111111
2025,OXY,8,ESGEmissionsScore,B+,0.6901140684
2025,OXY,244,BoardCulturalDiversityPercent,10,0.3110795455
2025,OXY,246,BoardGenderDiversityPercent,30,0.5506055363
2025,PAYX,1,ESGScore,B,0.5920871428
2025,PAYX,2,ESGCombinedScore,B-,0.5691917196
2025,PAYX,3,ESGCControversiesScore,B-,0.5462962963
2025,PAYX,8,ESGEmissionsScore,A,0.8473837209
2025,PAYX,95,CO2EquivalentsEmissionDirectScope1,2353.189,
2025,PAYX,96,CO2EquivalentsEmissionIndirectScope3,25029.11,
2025,PAYX,97,CO2EquivalentsEmissionIndirectScope2,4431.248,
2025,PAYX,246,BoardGenderDiversityPercent,27.27272727272727,0.4351211073
2025,PEP,1,ESGScore,A-,0.8019618735
2025,PEP,2,ESGCombinedScore,C,0.4096016264
2025,PEP,3,ESGCControversiesScore,D-,0.0172413793
2025,PEP,8,ESGEmissionsScore,D+,0.2304347826
2025,PEP,244,BoardCulturalDiversityPercent,20,0.8508522727
2025,PEP,246,BoardGenderDiversityPercent,33.33333333333333,0.6583044983
2025,PG,1,ESGScore,B,0.6022815810
2025,PG,2,ESGCombinedScore,C,0.4029926423
2025,PG,3,ESGCControversiesScore,D+,0.2037037037
2025,PG,8,ESGEmissionsScore,B-,0.5210526316
2025,PG,246,BoardGenderDiversityPercent,40,0.8393886967
2025,PH,1,ESGScore,B,0.6096779321
2025,PH,2,ESGCombinedScore,B,0.6096779321
2025,PH,3,ESGCControversiesScore,A-,0.7962962963
2025,PH,8,ESGEmissionsScore,D,0.1281055901
2025,PH,91,BiodiversityImpactReduction,false,0.0000000000
2025,PH,246,BoardGenderDiversityPercent,50,0.9567474048
2025,PKG,1,ESGScore,B+,0.6975654449
2025,PKG,2,ESGCombinedScore,B+,0.6975654449
2025,PKG,3,ESGCControversiesScore,B+,0.7000000000
2025,PKG,8,ESGEmissionsScore,B,0.6010638298
2025,PKG,246,BoardGenderDiversityPercent,20,0.2314013841
2025,PNR,1,ESGScore,C-,0.2772442571
2025,PNR,2,ESGCombinedScore,C-,0.2772442571
2025,PNR,3,ESGCControversiesScore,A+,1.0000000000
2025,PNR,8,ESGEmissionsScore,D+,0.1696914701
2025,PNR,91,BiodiversityImpactReduction,true,0.6892361111
2025,PNR,246,BoardGenderDiversityPercent,16.666666666666664,0.1575178998
2025,PPL,95,CO2EquivalentsEmissionDirectScope1,1763900,
2025,PPL,97,CO2EquivalentsEmissionIndirectScope2,1507,
2025,PRU,1,ESGScore,B+,0.6805696680
2025,PRU,2,ESGCombinedScore,B+,0.6805696680
2025,PRU,3,ESGCControversiesScore,A-,0.7608695652
2025,PRU,8,ESGEmissionsScore,B-,0.5290381125
2025,PRU,91,BiodiversityImpactReduction,true,0.6892361111
2025,PRU,95,CO2EquivalentsEmissionDirectScope1,216098,
2025,PRU,96,CO2EquivalentsEmissionIndirectScope3,391058,
2025,PRU,97,CO2EquivalentsEmissionIndirectScope2,61602,
2025,PRU,244,BoardCulturalDiversityPercent,14.285714285714285,0.5000000000
2025,PRU,246,BoardGenderDiversityPercent,28.57142857142857,0.4069212411
2025,PTC,1,ESGScore,C-,0.2707703708
2025,PTC,2,ESGCombinedScore,C-,0.2707703708
2025,PTC,3,ESGCControversiesScore,A+,1.0000000000
2025,PTC,8,ESGEmissionsScore,D+,0.1672535211
2025,PTC,91,BiodiversityImpactReduction,false,0.0000000000
2025,PTC,95,CO2EquivalentsEmissionDirectScope1,31.952,
2025,PTC,97,CO2EquivalentsEmissionIndirectScope2,270,
2025,PTC,246,BoardGenderDiversityPercent,21.428571428571427,0.6218836565
2025,PTC,1,ESGScore,B+,0.7473462848
2025,PTC,2,ESGCombinedScore,B+,0.7473462848
2025,PTC,3,ESGCControversiesScore,A+,1.0000000000
2025,PTC,8,ESGEmissionsScore,A,0.8669849932
2025,PTC,246,BoardGenderDiversityPercent,33.33333333333333,0.6583044983
2025,QRVO,1,ESGScore,B,0.6181548067
2025,QRVO,2,ESGCombinedScore,B,0.6181548067
2025,QRVO,3,ESGCControversiesScore,A+,1.0000000000
2025,QRVO,8,ESGEmissionsScore,A,0.8524904215
2025,QRVO,91,BiodiversityImpactReduction,false,0.0000000000
2025,QRVO,95,CO2EquivalentsEmissionDirectScope1,107713,
2025,QRVO,97,CO2EquivalentsEmissionIndirectScope2,52385,
2025,QRVO,246,BoardGenderDiversityPercent,25,0.3686562860
2025,RCL,1,ESGScore,B-,0.5300677459
2025,RCL,2,ESGCombinedScore,B-,0.5300677459
2025,RCL,3,ESGCControversiesScore,A-,0.7987012987
2025,RCL,8,ESGEmissionsScore,C,0.3353221957
2025,RCL,91,BiodiversityImpactReduction,true,0.7407834101
2025,RCL,95,CO2EquivalentsEmissionDirectScope1,309007,
2025,RCL,97,CO2EquivalentsEmissionIndirectScope2,242302,
2025,RCL,244,BoardCulturalDiversityPercent,8.333333333333332,0.1489361702
2025,RCL,246,BoardGenderDiversityPercent,27.27272727272727,0.2276422764
2025,REG,1,ESGScore,C+,0.4874580423
2025,REG,2,ESGCombinedScore,C+,0.4874580423
2025,REG,3,ESGCControversiesScore,A+,1.0000000000
2025,REG,8,ESGEmissionsScore,B-,0.5335570470
2025,REG,91,BiodiversityImpactReduction,false,
2025,REG,95,CO2EquivalentsEmissionDirectScope1,5587.24,
2025,REG,97,CO2EquivalentsEmissionIndirectScope2,31756.18,
2025,REG,246,BoardGenderDiversityPercent,66.66666666666666,0.9916467780
2025,RJF,1,ESGScore,B+,0.6928320598
2025,RJF,2,ESGCombinedScore,B+,0.6928320598
2025,RJF,3,ESGCControversiesScore,A-,0.7950819672
2025,RJF,8,ESGEmissionsScore,B,0.6612903226
2025,RJF,246,BoardGenderDiversityPercent,30.76923076923077,0.5840542099
2025,RL,1,ESGScore,A-,0.7804621067
2025,RL,2,ESGCombinedScore,A-,0.7804621067
2025,RL,3,ESGCControversiesScore,A,0.8653846154
2025,RL,8,ESGEmissionsScore,C+,0.4325153374
2025,RL,95,CO2EquivalentsEmissionDirectScope1,13526,
2025,RL,96,CO2EquivalentsEmissionIndirectScope3,1217000,
2025,RL,97,CO2EquivalentsEmissionIndirectScope2,61606,
2025,RL,246,BoardGenderDiversityPercent,41.66666666666667,0.8624567474
2025,RL,95,CO2EquivalentsEmissionDirectScope1,13.36,
2025,RL,96,CO2EquivalentsEmissionIndirectScope3,112.56,
2025,RL,97,CO2EquivalentsEmissionIndirectScope2,111.89,
2025,RMD,1,ESGScore,B,0.6631197129
2025,RMD,2,ESGCombinedScore,B,0.6631197129
2025,RMD,3,ESGCControversiesScore,A,0.8493975904
2025,RMD,8,ESGEmissionsScore,A+,0.9422310757
2025,RMD,91,BiodiversityImpactReduction,true,0.9446153846
2025,RMD,95,CO2EquivalentsEmissionDirectScope1,3957,
2025,RMD,97,CO2EquivalentsEmissionIndirectScope2,23573,
2025,RMD,246,BoardGenderDiversityPercent,27.27272727272727,0.4351211073
2025,ROK,1,ESGScore,B-,0.5479721248
2025,ROK,2,ESGCombinedScore,B-,0.5479721248
2025,ROK,3,ESGCControversiesScore,A+,1.0000000000
2025,ROK,8,ESGEmissionsScore,A-,0.7989130435
2025,ROK,246,BoardGenderDiversityPercent,36.36363636363637,0.7417820069
2025,ROST,1,ESGScore,B,0.6017602619
2025,ROST,2,ESGCombinedScore,B-,0.5092134643
2025,ROST,3,ESGCControversiesScore,C+,0.4166666667
2025,ROST,8,ESGEmissionsScore,B+,0.6839080460
2025,ROST,95,CO2EquivalentsEmissionDirectScope1,37786,
2025,ROST,96,CO2EquivalentsEmissionIndirectScope3,608597,
2025,ROST,97,CO2EquivalentsEmissionIndirectScope2,230718,
2025,ROST,246,BoardGenderDiversityPercent,36.36363636363637,0.7417820069
2025,RTX,1,ESGScore,C,0.3405251611
2025,RTX,2,ESGCombinedScore,C,0.3405251611
2025,RTX,3,ESGCControversiesScore,A+,1.0000000000
2025,RTX,8,ESGEmissionsScore,D-,0.0596330275
2025,RTX,246,BoardGenderDiversityPercent,33.33333333333333,0.4098360656
2025,RTX,1,ESGScore,B+,0.7073134955
2025,RTX,2,ESGCombinedScore,B+,0.7073134955
2025,RTX,3,ESGCControversiesScore,B+,0.7428571429
2025,RTX,8,ESGEmissionsScore,B,0.6260504202
2025,RTX,246,BoardGenderDiversityPercent,33.33333333333333,0.6583044983
2025,SBUX,1,ESGScore,A-,0.7870630609
2025,SBUX,2,ESGCombinedScore,A-,0.7870630609
2025,SBUX,3,ESGCControversiesScore,A-,0.8055555556
2025,SBUX,8,ESGEmissionsScore,B+,0.6900684932
2025,SBUX,244,BoardCulturalDiversityPercent,18.181818181818183,0.8224431818
2025,SBUX,246,BoardGenderDiversityPercent,36.36363636363637,0.7417820069
2025,SEE,1,ESGScore,D+,0.2374365109
2025,SEE,2,ESGCombinedScore,D+,0.2374365109
2025,SEE,3,ESGCControversiesScore,A+,1.0000000000
2025,SEE,8,ESGEmissionsScore,D+,0.2203274216
2025,SEE,246,BoardGenderDiversityPercent,20,0.2136038186
2025,SJM,1,ESGScore,B+,0.6785898635
2025,SJM,2,ESGCombinedScore,B-,0.5438403863
2025,SJM,3,ESGCControversiesScore,C,0.4090909091
2025,SJM,8,ESGEmissionsScore,B,0.6121718377
2025,SJM,91,BiodiversityImpactReduction,true,0.7407834101
2025,SJM,95,CO2EquivalentsEmissionDirectScope1,165414,
2025,SJM,96,CO2EquivalentsEmissionIndirectScope3,5408225,
2025,SJM,97,CO2EquivalentsEmissionIndirectScope2,176567,
2025,SJM,246,BoardGenderDiversityPercent,33.33333333333333,0.6583044983
2025,SLB,1,ESGScore,B+,0.7387532045
2025,SLB,2,ESGCombinedScore,B-,0.5758983414
2025,SLB,3,ESGCControversiesScore,C,0.4130434783
2025,SLB,8,ESGEmissionsScore,A-,0.8244047619
2025,SLB,244,BoardCulturalDiversityPercent,90.9090909090909,0.5000000000
2025,SLB,246,BoardGenderDiversityPercent,27.27272727272727,0.5000000000
2025,SPG,1,ESGScore,B-,0.5279147558
2025,SPG,2,ESGCombinedScore,B-,0.5279147558
2025,SPG,3,ESGCControversiesScore,A+,1.0000000000
2025,SPG,8,ESGEmissionsScore,C,0.3544061303
2025,SPG,91,BiodiversityImpactReduction,false,0.0000000000
2025,SPG,95,CO2EquivalentsEmissionDirectScope1,325289,
2025,SPG,96,CO2EquivalentsEmissionIndirectScope3,9643,
2025,SPG,97,CO2EquivalentsEmissionIndirectScope2,41630,
2025,SPG,246,BoardGenderDiversityPercent,14.285714285714285,0.0569105691
2025,SPG,1,ESGScore,C+,0.4610416159
2025,SPG,2,ESGCombinedScore,C+,0.4610416159
2025,SPG,3,ESGCControversiesScore,A+,1.0000000000
2025,SPG,8,ESGEmissionsScore,C,0.3718535469
2025,SPG,95,CO2EquivalentsEmissionDirectScope1,873.83,
2025,SPG,96,CO2EquivalentsEmissionIndirectScope3,47900.95,
2025,SPG,97,CO2EquivalentsEmissionIndirectScope2,788.45,
2025,SPG,246,BoardGenderDiversityPercent,40,0.5793650794
2025,SRE,1,ESGScore,B-,0.5738455063
2025,SRE,2,ESGCombinedScore,B-,0.5738455063
2025,SRE,3,ESGCControversiesScore,A+,1.0000000000
2025,SRE,8,ESGEmissionsScore,A-,0.8135011442
2025,SRE,91,BiodiversityImpactReduction,true,0.7664543524
2025,SRE,95,CO2EquivalentsEmissionDirectScope1,529.71,
2025,SRE,96,CO2EquivalentsEmissionIndirectScope3,88387.68,
2025,SRE,97,CO2EquivalentsEmissionIndirectScope2,295.92,
2025,SRE,244,BoardCulturalDiversityPercent,25,0.7142857143
2025,SRE,246,BoardGenderDiversityPercent,50,0.7307692308
2025,STE,1,ESGScore,B,0.6036349342
2025,STE,2,ESGCombinedScore,B,0.6036349342
2025,STE,3,ESGCControversiesScore,A+,1.0000000000
2025,STE,8,ESGEmissionsScore,C+,0.4880478088
2025,STE,91,BiodiversityImpactReduction,false,0.0000000000
2025,STE,95,CO2EquivalentsEmissionDirectScope1,56664,
2025,STE,96,CO2EquivalentsEmissionIndirectScope3,336360,
2025,STE,97,CO2EquivalentsEmissionIndirectScope2,83896,
2025,STE,246,BoardGenderDiversityPercent,30,0.1981132075
2025,STX,1,ESGScore,C-,0.2738108209
2025,STX,2,ESGCombinedScore,C-,0.2738108209
2025,STX,3,ESGCControversiesScore,A-,0.7847222222
2025,STX,8,ESGEmissionsScore,C,0.3517110266
2025,STX,91,BiodiversityImpactReduction,true,0.6567164179
2025,STX,95,CO2EquivalentsEmissionDirectScope1,40502,
2025,STX,97,CO2EquivalentsEmissionIndirectScope2,24,
2025,STX,246,BoardGenderDiversityPercent,28.57142857142857,0.4069212411
2025,STZ,1,ESGScore,C+,0.4258100871
2025,STZ,2,ESGCombinedScore,C-,0.3249740091
2025,STZ,3,ESGCControversiesScore,D+,0.2241379310
2025,STZ,8,ESGEmissionsScore,C,0.3434782609
2025,STZ,91,BiodiversityImpactReduction,true,0.7136752137
2025,STZ,95,CO2EquivalentsEmissionDirectScope1,303607,
2025,STZ,96,CO2EquivalentsEmissionIndirectScope3,4697751,
2025,STZ,97,CO2EquivalentsEmissionIndirectScope2,94089,
2025,STZ,246,BoardGenderDiversityPercent,16.666666666666664,0.1707035755
2025,SW,1,ESGScore,B+,0.7106576529
2025,SW,2,ESGCombinedScore,B,0.6122732709
2025,SW,3,ESGCControversiesScore,B-,0.5138888889
2025,SW,8,ESGEmissionsScore,B-,0.5359589041
2025,SW,95,CO2EquivalentsEmissionDirectScope1,90224,
2025,SW,96,CO2EquivalentsEmissionIndirectScope3,10048959,
2025,SW,97,CO2EquivalentsEmissionIndirectScope2,22814,
2025,SW,244,BoardCulturalDiversityPercent,25,0.5384615385
2025,SW,246,BoardGenderDiversityPercent,41.66666666666667,0.3494623656
2025,SWKS,1,ESGScore,C+,0.4949687288
2025,SWKS,2,ESGCombinedScore,C-,0.2822065866
2025,SWKS,3,ESGCControversiesScore,D-,0.0694444444
2025,SWKS,8,ESGEmissionsScore,C-,0.3084291188
2025,SWKS,244,BoardCulturalDiversityPercent,11.11111111111111,0.4559659091
2025,SWKS,246,BoardGenderDiversityPercent,33.33333333333333,0.6583044983
2025,SYF,95,CO2EquivalentsEmissionDirectScope1,1.77,
2025,SYF,96,CO2EquivalentsEmissionIndirectScope3,257.48,
2025,SYF,97,CO2EquivalentsEmissionIndirectScope2,582.05,
2025,SYY,1,ESGScore,B,0.6080850283
2025,SYY,2,ESGCombinedScore,B,0.6080850283
2025,SYY,3,ESGCControversiesScore,A,0.8488372093
2025,SYY,8,ESGEmissionsScore,C-,0.2906976744
2025,SYY,246,BoardGenderDiversityPercent,36.36363636363637,0.7417820069
2025,TDG,1,ESGScore,C+,0.4558354921
2025,TDG,2,ESGCombinedScore,C+,0.4558354921
2025,TDG,3,ESGCControversiesScore,A+,1.0000000000
2025,TDG,8,ESGEmissionsScore,C-,0.3235294118
2025,TDG,246,BoardGenderDiversityPercent,22.22222222222222,0.2867647059
2025,TECH,1,ESGScore,B+,0.7181719836
2025,TECH,2,ESGCombinedScore,B+,0.7181719836
2025,TECH,3,ESGCControversiesScore,A+,1.0000000000
2025,TECH,8,ESGEmissionsScore,C-,0.3053097345
2025,TECH,91,BiodiversityImpactReduction,false,
2025,TECH,246,BoardGenderDiversityPercent,40,0.8393886967
2025,TER,1,ESGScore,B-,0.5247736403
2025,TER,2,ESGCombinedScore,B-,0.5247736403
2025,TER,3,ESGCControversiesScore,A+,1.0000000000
2025,TER,8,ESGEmissionsScore,A-,0.7643678161
2025,TER,244,BoardCulturalDiversityPercent,12.5,0.6107954545
2025,TER,246,BoardGenderDiversityPercent,25,0.3686562860
2025,TER,1,ESGScore,D+,0.1941077473
2025,TER,2,ESGCombinedScore,D+,0.1941077473
2025,TER,3,ESGCControversiesScore,A+,1.0000000000
2025,TER,8,ESGEmissionsScore,D-,0.0648148148
2025,TER,91,BiodiversityImpactReduction,true,0.6296296296
2025,TER,246,BoardGenderDiversityPercent,0,0.0548926014
2025,TGT,1,ESGScore,A,0.8360828567
2025,TGT,2,ESGCombinedScore,C+,0.4253943695
2025,TGT,3,ESGCControversiesScore,D-,0.0147058824
2025,TGT,8,ESGEmissionsScore,A+,0.9301075269
2025,TGT,91,BiodiversityImpactReduction,true,0.8548387097
2025,TGT,95,CO2EquivalentsEmissionDirectScope1,867450,
2025,TGT,96,CO2EquivalentsEmissionIndirectScope3,58880000,
2025,TGT,97,CO2EquivalentsEmissionIndirectScope2,1394314,
2025,TGT,246,BoardGenderDiversityPercent,33.33333333333333,0.6583044983
2025,TJX,1,ESGScore,B+,0.6910284579
2025,TJX,2,ESGCombinedScore,B-,0.5146318760
2025,TJX,3,ESGCControversiesScore,C,0.3382352941
2025,TJX,8,ESGEmissionsScore,A,0.8655913978
2025,TJX,91,BiodiversityImpactReduction,false,0.0000000000
2025,TJX,95,CO2EquivalentsEmissionDirectScope1,143258,
2025,TJX,96,CO2EquivalentsEmissionIndirectScope3,160100,
2025,TJX,97,CO2EquivalentsEmissionIndirectScope2,559158,
2025,TJX,246,BoardGenderDiversityPercent,50,0.9567474048
2025,TMO,1,ESGScore,D,0.1272921425
2025,TMO,2,ESGCombinedScore,D,0.1272921425
2025,TMO,3,ESGCControversiesScore,A+,1.0000000000
2025,TMO,8,ESGEmissionsScore,D,0.1337209302
2025,TMO,97,CO2EquivalentsEmissionIndirectScope2,16.81,
2025,TMO,246,BoardGenderDiversityPercent,0,0.0218093700
2025,TPR,1,ESGScore,B,0.6621046291
2025,TPR,2,ESGCombinedScore,B,0.6597560182
2025,TPR,3,ESGCControversiesScore,B,0.6574074074
2025,TPR,8,ESGEmissionsScore,A+,0.9712643678
2025,TPR,95,CO2EquivalentsEmissionDirectScope1,4312,
2025,TPR,96,CO2EquivalentsEmissionIndirectScope3,814475.12,
2025,TPR,97,CO2EquivalentsEmissionIndirectScope2,32330,
2025,TPR,244,BoardCulturalDiversityPercent,9.090909090909092,0.2017045455
2025,TPR,246,BoardGenderDiversityPercent,45.45454545454545,0.9322376009
2025,TROW,1,ESGScore,B-,0.5179364284
2025,TROW,2,ESGCombinedScore,B-,0.5179364284
2025,TROW,3,ESGCControversiesScore,A+,1.0000000000
2025,TROW,8,ESGEmissionsScore,A-,0.8255131965
2025,TROW,244,BoardCulturalDiversityPercent,8.333333333333332,0.0994318182
2025,TROW,246,BoardGenderDiversityPercent,33.33333333333333,0.6583044983
2025,TSCO,1,ESGScore,A-,0.7520698761
2025,TSCO,2,ESGCombinedScore,C,0.3934767985
2025,TSCO,3,ESGCControversiesScore,D-,0.0348837209
2025,TSCO,8,ESGEmissionsScore,A,0.8720930233
2025,TSCO,91,BiodiversityImpactReduction,true,0.8037037037
2025,TSCO,95,CO2EquivalentsEmissionDirectScope1,802425,
2025,TSCO,96,CO2EquivalentsEmissionIndirectScope3,531254,
2025,TSCO,97,CO2EquivalentsEmissionIndirectScope2,582298,
2025,TSCO,244,BoardCulturalDiversityPercent,8.333333333333332,0.0148514851
2025,TSCO,246,BoardGenderDiversityPercent,41.66666666666667,0.5985460420
2025,TSN,1,ESGScore,B,0.5972234078
2025,TSN,2,ESGCombinedScore,B,0.5972234078
2025,TSN,3,ESGCControversiesScore,A-,0.7987012987
2025,TSN,8,ESGEmissionsScore,C+,0.4928400955
2025,TSN,246,BoardGenderDiversityPercent,43.75,0.9012399077
2025,TTWO,1,ESGScore,B-,0.5122048587
2025,TTWO,2,ESGCombinedScore,B-,0.5122048587
2025,TTWO,3,ESGCControversiesScore,A,0.8413173653
2025,TTWO,8,ESGEmissionsScore,C,0.3949522510
2025,TTWO,95,CO2EquivalentsEmissionDirectScope1,2291,
2025,TTWO,96,CO2EquivalentsEmissionIndirectScope3,394311,
2025,TTWO,97,CO2EquivalentsEmissionIndirectScope2,16803,
2025,TTWO,246,BoardGenderDiversityPercent,30,0.5506055363
2025,ULTA,1,ESGScore,B,0.6010754238
2025,ULTA,2,ESGCombinedScore,B-,0.5551673415
2025,ULTA,3,ESGCControversiesScore,B-,0.5092592593
2025,ULTA,8,ESGEmissionsScore,A-,0.7796934866
2025,ULTA,91,BiodiversityImpactReduction,true,0.8971119134
2025,ULTA,95,CO2EquivalentsEmissionDirectScope1,8477,
2025,ULTA,96,CO2EquivalentsEmissionIndirectScope3,2023047,
2025,ULTA,97,CO2EquivalentsEmissionIndirectScope2,86996,
2025,ULTA,246,BoardGenderDiversityPercent,63.63636363636363,0.9945213379
2025,USB,1,ESGScore,B,0.6305043186
2025,USB,2,ESGCombinedScore,C+,0.4535854926
2025,USB,3,ESGCControversiesScore,C-,0.2766666667
2025,USB,8,ESGEmissionsScore,B+,0.7354586130
2025,USB,246,BoardGenderDiversityPercent,38.46153846153847,0.8173298731
2025,V,1,ESGScore,B+,0.7171234646
2025,V,2,ESGCombinedScore,C,0.3631913619
2025,V,3,ESGCControversiesScore,D-,0.0092592593
2025,V,8,ESGEmissionsScore,B+,0.7223837209
2025,V,246,BoardGenderDiversityPercent,33.33333333333333,0.6583044983
2025,VFC,1,ESGScore,B,0.6489852432
2025,VFC,2,ESGCombinedScore,C,0.3725695447
2025,VFC,3,ESGCControversiesScore,D,0.0961538462
2025,VFC,8,ESGEmissionsScore,C,0.3343558282
2025,VFC,246,BoardGenderDiversityPercent,33.33333333333333,0.6583044983
2025,VTR,1,ESGScore,A-,0.8019896083
2025,VTR,2,ESGCombinedScore,A-,0.8019896083
2025,VTR,3,ESGCControversiesScore,A+,1.0000000000
2025,VTR,8,ESGEmissionsScore,A,0.8698296837
2025,VTR,246,BoardGenderDiversityPercent,36.36363636363637,0.7417820069
2025,WAB,1,ESGScore,B,0.6223231084
2025,WAB,2,ESGCombinedScore,B,0.6223231084
2025,WAB,3,ESGCControversiesScore,A-,0.7962962963
2025,WAB,8,ESGEmissionsScore,B-,0.5815217391
2025,WAB,246,BoardGenderDiversityPercent,33.33333333333333,0.6583044983
2025,WAT,1,ESGScore,B+,0.7452831058
2025,WAT,2,ESGCombinedScore,B+,0.7452831058
2025,WAT,3,ESGCControversiesScore,A+,1.0000000000
2025,WAT,8,ESGEmissionsScore,A,0.9143426295
2025,WAT,244,BoardCulturalDiversityPercent,11.11111111111111,0.4559659091
2025,WAT,246,BoardGenderDiversityPercent,22.22222222222222,0.2867647059
2025,WDAY,1,ESGScore,B-,0.5001702338
2025,WDAY,2,ESGCombinedScore,B-,0.5001702338
2025,WDAY,3,ESGCControversiesScore,B-,0.5209580838
2025,WDAY,8,ESGEmissionsScore,A-,0.8315143247
2025,WDAY,95,CO2EquivalentsEmissionDirectScope1,2584,
2025,WDAY,96,CO2EquivalentsEmissionIndirectScope3,254696,
2025,WDAY,97,CO2EquivalentsEmissionIndirectScope2,82365,
2025,WDAY,246,BoardGenderDiversityPercent,18.181818181818183,0.1973760092
2025,WDC,1,ESGScore,B-,0.5644266981
2025,WDC,2,ESGCombinedScore,B-,0.5322133491
2025,WDC,3,ESGCControversiesScore,C+,0.5000000000
2025,WDC,8,ESGEmissionsScore,B,0.6009174312
2025,WDC,246,BoardGenderDiversityPercent,42.857142857142854,0.8840830450
2025,WEC,1,ESGScore,D+,0.1782843305
2025,WEC,2,ESGCombinedScore,D+,0.1782843305
2025,WEC,3,ESGCControversiesScore,A+,1.0000000000
2025,WEC,8,ESGEmissionsScore,D-,0.0185185185
2025,WEC,91,BiodiversityImpactReduction,false,0.0000000000
2025,WEC,246,BoardGenderDiversityPercent,0,0.0548926014
2025,WMT,1,ESGScore,A-,0.7679270669
2025,WMT,2,ESGCombinedScore,C,0.3897774870
2025,WMT,3,ESGCControversiesScore,D-,0.0116279070
2025,WMT,8,ESGEmissionsScore,A-,0.7945736434
2025,WMT,91,BiodiversityImpactReduction,true,0.8037037037
2025,WMT,95,CO2EquivalentsEmissionDirectScope1,9031550,
2025,WMT,96,CO2EquivalentsEmissionIndirectScope3,636567812,
2025,WMT,97,CO2EquivalentsEmissionIndirectScope2,9674115,
2025,WMT,246,BoardGenderDiversityPercent,25,0.3686562860
2025,WSM,1,ESGScore,A-,0.7543688583
2025,WSM,2,ESGCombinedScore,B+,0.7058881328
2025,WSM,3,ESGCControversiesScore,B,0.6574074074
2025,WSM,8,ESGEmissionsScore,B+,0.6992337165
2025,WSM,91,BiodiversityImpactReduction,false,0.0000000000
2025,WSM,95,CO2EquivalentsEmissionDirectScope1,20381,
2025,WSM,96,CO2EquivalentsEmissionIndirectScope3,2583125,
2025,WSM,97,CO2EquivalentsEmissionIndirectScope2,55959,
2025,WSM,246,BoardGenderDiversityPercent,50,0.9567474048
